<?xml version = '1.0' encoding = 'UTF-8'?>
<Relation class="oracle.dbtools.crest.model.design.logical.Relation" name="Relation_1" directorySegmentName="seg_0" id="496617CA-B298-3747-E970-01032604820F">
<createdBy>augus</createdBy>
<createdTime>2024-05-29 23:05:06 UTC</createdTime>
<ownerDesignName>modelo</ownerDesignName>
<engineerTo>
<item key="7CA3CA6B-F85C-9E0C-E92F-37CCE4FE3DE2" value="true"/>
</engineerTo>
<sourcePk>6ABA2B60-2FDC-A1A3-9939-ACB8B77BD16C</sourcePk>
<identifying>false</identifying>
<optionalSource>true</optionalSource>
<optionalTarget>false</optionalTarget>
<sourceCardinality>1</sourceCardinality>
<sourceEntity>47F499A4-871F-337D-3455-BF88812B3DCB</sourceEntity>
<targetCardinalityString>*</targetCardinalityString>
<targetEntity>D7194279-4A69-2C1F-54CA-BC26A8F43F8F</targetEntity>
<transferable>true</transferable>
<deleteRule>NO ACTION</deleteRule>
</Relation>