<?xml version = '1.0' encoding = 'UTF-8'?>
<Relation class="oracle.dbtools.crest.model.design.logical.Relation" name="Relation_3" directorySegmentName="seg_0" id="6B2C92FD-A764-19E7-F650-C46E312649AE">
<createdBy>augus</createdBy>
<createdTime>2024-05-29 23:39:32 UTC</createdTime>
<ownerDesignName>modelo</ownerDesignName>
<engineerTo>
<item key="7CA3CA6B-F85C-9E0C-E92F-37CCE4FE3DE2" value="true"/>
</engineerTo>
<sourcePk>DFF97EA1-E4D8-A5E1-18F7-88153A32F643</sourcePk>
<identifying>false</identifying>
<optionalSource>true</optionalSource>
<optionalTarget>false</optionalTarget>
<sourceCardinality>1</sourceCardinality>
<sourceEntity>BC2DB770-6ADC-D5D5-6220-9B624C7837FC</sourceEntity>
<targetCardinalityString>1</targetCardinalityString>
<targetEntity>11595F55-D391-2605-FDC7-CAB5F4EB7CA6</targetEntity>
<transferable>true</transferable>
<deleteRule>NO ACTION</deleteRule>
</Relation>