<?xml version = '1.0' encoding = 'UTF-8'?>
<Relation class="oracle.dbtools.crest.model.design.logical.Relation" name="Relation_7" directorySegmentName="seg_0" id="8DE5FCB4-C604-D16C-25BD-580A4B4D9BDD">
<createdBy>augus</createdBy>
<createdTime>2024-05-30 00:01:11 UTC</createdTime>
<ownerDesignName>modelo</ownerDesignName>
<engineerTo>
<item key="7CA3CA6B-F85C-9E0C-E92F-37CCE4FE3DE2" value="true"/>
</engineerTo>
<sourcePk>DFF97EA1-E4D8-A5E1-18F7-88153A32F643</sourcePk>
<identifying>false</identifying>
<optionalSource>true</optionalSource>
<optionalTarget>false</optionalTarget>
<sourceCardinality>1</sourceCardinality>
<sourceEntity>BC2DB770-6ADC-D5D5-6220-9B624C7837FC</sourceEntity>
<targetCardinalityString>*</targetCardinalityString>
<targetEntity>9D9F2B19-FEC9-C4AE-370C-7FD2049C6196</targetEntity>
<transferable>true</transferable>
<deleteRule>NO ACTION</deleteRule>
</Relation>