<?xml version = '1.0' encoding = 'UTF-8'?>
<Entity class="oracle.dbtools.crest.model.design.logical.Entity" directorySegmentName="seg_0" id="D7194279-4A69-2C1F-54CA-BC26A8F43F8F" name="Cidade">
<createdBy>augus</createdBy>
<createdTime>2024-05-29 23:04:06 UTC</createdTime>
<ownerDesignName>modelo</ownerDesignName>
<engineerTo>
<item key="7CA3CA6B-F85C-9E0C-E92F-37CCE4FE3DE2" value="true"/>
</engineerTo>
<adequatelyNormalized>NO</adequatelyNormalized>
<expectedVolumes>0</expectedVolumes>
<fwdEngineeringStrategyName>Single Table</fwdEngineeringStrategyName>
<growthPercent>0</growthPercent>
<growthType>Year</growthType>
<maxVolumes>9999999</maxVolumes>
<minVolumes>0</minVolumes>
<normalForm>Third</normalForm>
<attributes itemClass="oracle.dbtools.crest.model.design.logical.Attribute">
<Attribute name="id" id="0F61A4CD-BCA2-C87E-41F6-6F2A689844EF">
<createdBy>augus</createdBy>
<createdTime>2024-05-29 23:04:10 UTC</createdTime>
<ownerDesignName>modelo</ownerDesignName>
<engineerTo>
<item key="7CA3CA6B-F85C-9E0C-E92F-37CCE4FE3DE2" value="true"/>
</engineerTo>
<useDomainConstraints>false</useDomainConstraints>
<use>1</use>
<logicalDatatype>LOGDT019</logicalDatatype>
<ownDataTypeParameters>,,</ownDataTypeParameters>
</Attribute>
<Attribute name="nome" id="87EAAE02-5B9D-4368-2C9C-EB268F57ECFD">
<createdBy>augus</createdBy>
<createdTime>2024-05-29 23:04:13 UTC</createdTime>
<ownerDesignName>modelo</ownerDesignName>
<engineerTo>
<item key="7CA3CA6B-F85C-9E0C-E92F-37CCE4FE3DE2" value="true"/>
</engineerTo>
<nullsAllowed>true</nullsAllowed>
<useDomainConstraints>false</useDomainConstraints>
<use>1</use>
<logicalDatatype>LOGDT024</logicalDatatype>
<dataTypeSize>50</dataTypeSize>
<ownDataTypeParameters>50,,</ownDataTypeParameters>
</Attribute>
<Attribute name="id1" id="A049064C-3E86-F918-977E-68DCBF3FBDA2">
<createdBy>augus</createdBy>
<createdTime>2024-05-29 23:05:06 UTC</createdTime>
<generatorID>496617CA-B298-3747-E970-01032604820F</generatorID>
<ownerDesignName>modelo</ownerDesignName>
<engineerTo>
<item key="7CA3CA6B-F85C-9E0C-E92F-37CCE4FE3DE2" value="true"/>
</engineerTo>
<referedAttribute>6A554865-D95A-90B6-17F9-0469DE261608</referedAttribute>
<useDomainConstraints>false</useDomainConstraints>
<use>1</use>
<logicalDatatype>LOGDT019</logicalDatatype>
<ownDataTypeParameters>,,</ownDataTypeParameters>
</Attribute>
</attributes>
<identifiers itemClass="oracle.dbtools.crest.model.design.logical.CandidateKey">
<identifier id="C231B36C-F822-C95E-9B1E-6B2BDC6B1D3A" name="Cidade PK">
<createdBy>augus</createdBy>
<createdTime>2024-05-29 23:04:20 UTC</createdTime>
<ownerDesignName>modelo</ownerDesignName>
<shouldEngineer>false</shouldEngineer>
<engineerTo>
<item key="7CA3CA6B-F85C-9E0C-E92F-37CCE4FE3DE2" value="false"/>
</engineerTo>
<pk>true</pk>
<usedAttributes>
<attributeRef>0F61A4CD-BCA2-C87E-41F6-6F2A689844EF</attributeRef>
</usedAttributes>
</identifier>
</identifiers>
</Entity>
