<?xml version = '1.0' encoding = 'UTF-8'?>
<Entity class="oracle.dbtools.crest.model.design.logical.Entity" directorySegmentName="seg_0" id="FB3023E5-CABF-1904-15DA-348A90A330AA" name="Inspetor">
<createdBy>augus</createdBy>
<createdTime>2024-05-29 23:57:41 UTC</createdTime>
<ownerDesignName>modelo</ownerDesignName>
<engineerTo>
<item key="7CA3CA6B-F85C-9E0C-E92F-37CCE4FE3DE2" value="true"/>
</engineerTo>
<adequatelyNormalized>NO</adequatelyNormalized>
<expectedVolumes>0</expectedVolumes>
<fwdEngineeringStrategyName>Single Table</fwdEngineeringStrategyName>
<growthPercent>0</growthPercent>
<growthType>Year</growthType>
<maxVolumes>9999999</maxVolumes>
<minVolumes>0</minVolumes>
<normalForm>Third</normalForm>
<attributes itemClass="oracle.dbtools.crest.model.design.logical.Attribute">
<Attribute name="id" id="21AE72B5-2BE6-8004-10F9-57309E992E22">
<createdBy>augus</createdBy>
<createdTime>2024-05-29 23:58:01 UTC</createdTime>
<ownerDesignName>modelo</ownerDesignName>
<engineerTo>
<item key="7CA3CA6B-F85C-9E0C-E92F-37CCE4FE3DE2" value="true"/>
</engineerTo>
<useDomainConstraints>false</useDomainConstraints>
<use>1</use>
<logicalDatatype>LOGDT019</logicalDatatype>
<ownDataTypeParameters>,,</ownDataTypeParameters>
</Attribute>
<Attribute name="rg" id="51676716-C61F-049D-42CA-982310FB7DD1">
<createdBy>augus</createdBy>
<createdTime>2024-05-29 23:58:20 UTC</createdTime>
<ownerDesignName>modelo</ownerDesignName>
<engineerTo>
<item key="7CA3CA6B-F85C-9E0C-E92F-37CCE4FE3DE2" value="true"/>
</engineerTo>
<nullsAllowed>true</nullsAllowed>
<useDomainConstraints>false</useDomainConstraints>
<use>1</use>
<logicalDatatype>LOGDT024</logicalDatatype>
<dataTypeSize>11</dataTypeSize>
<ownDataTypeParameters>11,,</ownDataTypeParameters>
</Attribute>
<Attribute name="nome" id="4149389C-90DC-E71F-62F4-416E832BCE8C">
<createdBy>augus</createdBy>
<createdTime>2024-05-29 23:58:08 UTC</createdTime>
<ownerDesignName>modelo</ownerDesignName>
<engineerTo>
<item key="7CA3CA6B-F85C-9E0C-E92F-37CCE4FE3DE2" value="true"/>
</engineerTo>
<nullsAllowed>true</nullsAllowed>
<useDomainConstraints>false</useDomainConstraints>
<use>1</use>
<logicalDatatype>LOGDT024</logicalDatatype>
<dataTypeSize>50</dataTypeSize>
<ownDataTypeParameters>50,,</ownDataTypeParameters>
</Attribute>
<Attribute name="especializacao" id="0166A60C-9322-D95E-FF5C-46EB312B509B">
<createdBy>augus</createdBy>
<createdTime>2024-05-29 23:58:10 UTC</createdTime>
<ownerDesignName>modelo</ownerDesignName>
<engineerTo>
<item key="7CA3CA6B-F85C-9E0C-E92F-37CCE4FE3DE2" value="true"/>
</engineerTo>
<nullsAllowed>true</nullsAllowed>
<useDomainConstraints>false</useDomainConstraints>
<use>1</use>
<logicalDatatype>LOGDT024</logicalDatatype>
<dataTypeSize>50</dataTypeSize>
<ownDataTypeParameters>50,,</ownDataTypeParameters>
</Attribute>
<Attribute name="telefone" id="5E095C9E-EE32-A954-CAC0-205AA7E582BD">
<createdBy>augus</createdBy>
<createdTime>2024-05-29 23:58:16 UTC</createdTime>
<ownerDesignName>modelo</ownerDesignName>
<engineerTo>
<item key="7CA3CA6B-F85C-9E0C-E92F-37CCE4FE3DE2" value="true"/>
</engineerTo>
<nullsAllowed>true</nullsAllowed>
<useDomainConstraints>false</useDomainConstraints>
<use>1</use>
<logicalDatatype>LOGDT024</logicalDatatype>
<dataTypeSize>11</dataTypeSize>
<ownDataTypeParameters>11,,</ownDataTypeParameters>
</Attribute>
</attributes>
<identifiers itemClass="oracle.dbtools.crest.model.design.logical.CandidateKey">
<identifier id="ECB7C79B-3C25-AB44-9830-87BC92F2E1EC" name="Inspetor PK">
<createdBy>augus</createdBy>
<createdTime>2024-05-31 08:54:15 UTC</createdTime>
<ownerDesignName>modelo</ownerDesignName>
<engineerTo>
<item key="7CA3CA6B-F85C-9E0C-E92F-37CCE4FE3DE2" value="true"/>
</engineerTo>
<pk>true</pk>
<usedAttributes>
<attributeRef>21AE72B5-2BE6-8004-10F9-57309E992E22</attributeRef>
</usedAttributes>
</identifier>
</identifiers>
</Entity>
