<?xml version = '1.0' encoding = 'UTF-8'?>
<FKIndexAssociation class="oracle.dbtools.crest.model.design.relational.FKIndexAssociation" directorySegmentName="seg_0" id="700D6E16-77E1-AF5E-E549-1E4CD7871A65" containerWithKeyObject="B97A3074-665E-D560-E8BB-CB5430DA1178" localFKIndex="ACA54C7A-6745-917A-3CB1-3B0A28AF19DA" name="Endereco_Empresa_FK">
<createdBy>augus</createdBy>
<createdTime>2024-05-31 08:55:37 UTC</createdTime>
<generatorID>6B2C92FD-A764-19E7-F650-C46E312649AE</generatorID>
<ownerDesignName>modelo</ownerDesignName>
<referredTableLongName>Empresa</referredTableLongName>
<deleteRule>NO ACTION</deleteRule>
<referredTableID>A72A555E-4305-8536-8827-CA270588687C</referredTableID>
<keyObject>5D3FD302-3294-2479-4CD4-4754AE68B5B6</keyObject>
<referredKeyID>5D3FD302-3294-2479-4CD4-4754AE68B5B6</referredKeyID>
<mandatory>true</mandatory>
<refColNames>id</refColNames>
<transferable>true</transferable>
<rely>false</rely>
<columnDependencyConstraintGenerateInDDL>true</columnDependencyConstraintGenerateInDDL>
</FKIndexAssociation>
