{
    "info": {
        "_postman_id": "d9e787ac-97b4-47a8-9b84-ab28ee0cec3f",
        "name": "OceanStyle",
        "schema": "https://schema.getpostman.com/json/collection/v2.1.0/collection.json",
        "description": ""
    },
    "item": [
        {
            "name": "Veiculo",
            "item": [
                {
                    "name": "List",
                    "request": {
                        "method": "GET",
                        "url": {
                            "raw": "http://localhost:8080/veiculos",
                            "path": [
                                "veiculos"
                            ],
                            "protocol": "http",
                            "host": [
                                "localhost"
                            ],
                            "port": "8080"
                        }
                    }
                },
                {
                    "name": "FindById",
                    "request": {
                        "method": "GET",
                        "url": {
                            "raw": "http://localhost:8080/veiculos/1",
                            "path": [
                                "veiculos",
                                "1"
                            ],
                            "protocol": "http",
                            "host": [
                                "localhost"
                            ],
                            "port": "8080"
                        }
                    }
                },
                {
                    "name": "Create",
                    "request": {
                        "method": "POST",
                        "url": {
                            "raw": "http://localhost:8080/veiculos",
                            "path": [
                                "veiculos"
                            ],
                            "protocol": "http",
                            "host": [
                                "localhost"
                            ],
                            "port": "8080"
                        },
                        "body": {
                            "mode": "raw",
                            "options": {
                                "raw": {
                                    "language": "json"
                                }
                            },
                            "raw": "{\n  \"nome\": \"Submarino\",\n  \"tipo\": \"Submersível\",\n  \"tipoMotor\": \"Elétrico\",\n  \"sonar\": \"Sim\",\n  \"empresaId\": 1,\n  \"linkImagem\": \"https://www.google.com.br\"\n}"
                        }
                    }
                },
                {
                    "name": "Update",
                    "request": {
                        "method": "PUT",
                        "url": {
                            "raw": "http://localhost:8080/veiculos/1",
                            "path": [
                                "veiculos",
                                "1"
                            ],
                            "protocol": "http",
                            "host": [
                                "localhost"
                            ],
                            "port": "8080"
                        },
                        "body": {
                            "mode": "raw",
                            "options": {
                                "raw": {
                                    "language": "json"
                                }
                            },
                            "raw": "{\n  \"nome\": \"Submarino\",\n  \"tipo\": \"Submersível\",\n  \"tipoMotor\": \"Elétrico\",\n  \"sonar\": \"Sim\",\n  \"linkImagem\": \"https://www.google.com.br\"\n}"
                        }
                    }
                },
                {
                    "name": "Delete",
                    "request": {
                        "method": "DELETE",
                        "url": {
                            "raw": "http://localhost:8080/veiculos/4",
                            "path": [
                                "veiculos",
                                "4"
                            ],
                            "protocol": "http",
                            "host": [
                                "localhost"
                            ],
                            "port": "8080"
                        }
                    }
                },
                {
                    "name": "Buscar",
                    "request": {
                        "method": "GET",
                        "url": {
                            "raw": "http://localhost:8080/veiculos/buscar?nome=Veículo&empresaId=2",
                            "query": [
                                {
                                    "key": "nome",
                                    "value": "Veículo"
                                },
                                {
                                    "key": "empresaId",
                                    "value": "2"
                                }
                            ],
                            "variable": [],
                            "path": [
                                "veiculos",
                                "buscar"
                            ],
                            "protocol": "http",
                            "host": [
                                "localhost"
                            ],
                            "port": "8080"
                        }
                    }
                }
            ]
        },
        {
            "name": "Empresa",
            "item": [
                {
                    "name": "List",
                    "request": {
                        "method": "GET",
                        "url": {
                            "raw": "http://localhost:8080/empresas",
                            "path": [
                                "empresas"
                            ],
                            "protocol": "http",
                            "host": [
                                "localhost"
                            ],
                            "port": "8080"
                        }
                    }
                },
                {
                    "name": "FindById",
                    "request": {
                        "method": "GET",
                        "url": {
                            "raw": "http://localhost:8080/empresas/1",
                            "path": [
                                "empresas",
                                "1"
                            ],
                            "protocol": "http",
                            "host": [
                                "localhost"
                            ],
                            "port": "8080"
                        }
                    }
                },
                {
                    "name": "Create",
                    "request": {
                        "method": "POST",
                        "url": {
                            "raw": "http://localhost:8080/empresas",
                            "path": [
                                "empresas"
                            ],
                            "protocol": "http",
                            "host": [
                                "localhost"
                            ],
                            "port": "8080"
                        },
                        "body": {
                            "mode": "raw",
                            "options": {
                                "raw": {
                                    "language": "json"
                                }
                            },
                            "raw": "{\n  \"cnpj\": \"12345678901234\",\n  \"nome\": \"Empresa J\",\n  \"telefone\": \"11997434003\",\n  \"email\": \"empresa.x@email.com\",\n  \"endereco\": {\n    \"rua\": \"Rua Teste\",\n    \"numero\": \"123\",\n    \"cep\": \"12345678\",\n    \"cidadeId\": 1\n  }\n}"
                        }
                    }
                },
                {
                    "name": "Update",
                    "request": {
                        "method": "PUT",
                        "url": {
                            "raw": "http://localhost:8080/empresas/1",
                            "path": [
                                "empresas",
                                "1"
                            ],
                            "protocol": "http",
                            "host": [
                                "localhost"
                            ],
                            "port": "8080"
                        },
                        "body": {
                            "mode": "raw",
                            "options": {
                                "raw": {
                                    "language": "json"
                                }
                            },
                            "raw": "{\n  \"cnpj\": \"12345678901234\",\n  \"nome\": \"Empresa J\",\n  \"telefone\": \"11997434003\",\n  \"email\": \"empresa.x@email.com\"\n}"
                        }
                    }
                },
                {
                    "name": "Delete",
                    "request": {
                        "method": "DELETE",
                        "url": {
                            "raw": "http://localhost:8080/empresas/4",
                            "path": [
                                "empresas",
                                "4"
                            ],
                            "protocol": "http",
                            "host": [
                                "localhost"
                            ],
                            "port": "8080"
                        }
                    }
                },
                {
                    "name": "Buscar",
                    "request": {
                        "method": "GET",
                        "url": {
                            "raw": "http://localhost:8080/empresas/buscar?nome=Empresa A",
                            "query": [
                                {
                                    "key": "nome",
                                    "value": "Empresa A"
                                }
                            ],
                            "variable": [],
                            "path": [
                                "empresas",
                                "buscar"
                            ],
                            "protocol": "http",
                            "host": [
                                "localhost"
                            ],
                            "port": "8080"
                        }
                    }
                }
            ]
        },
        {
            "name": "Vistoria",
            "item": [
                {
                    "name": "Inspetor",
                    "item": [
                        {
                            "name": "List",
                            "request": {
                                "method": "GET",
                                "url": {
                                    "raw": "http://localhost:8080/vistorias/1/inspetores",
                                    "path": [
                                        "vistorias",
                                        "1",
                                        "inspetores"
                                    ],
                                    "protocol": "http",
                                    "host": [
                                        "localhost"
                                    ],
                                    "port": "8080"
                                }
                            }
                        },
                        {
                            "name": "Add",
                            "request": {
                                "method": "PUT",
                                "url": {
                                    "raw": "http://localhost:8080/vistorias/1/inspetores/1",
                                    "path": [
                                        "vistorias",
                                        "1",
                                        "inspetores",
                                        "1"
                                    ],
                                    "protocol": "http",
                                    "host": [
                                        "localhost"
                                    ],
                                    "port": "8080"
                                }
                            }
                        },
                        {
                            "name": "Clear",
                            "request": {
                                "method": "DELETE",
                                "url": {
                                    "raw": "http://localhost:8080/vistorias/1/inspetores",
                                    "path": [
                                        "vistorias",
                                        "1",
                                        "inspetores"
                                    ],
                                    "protocol": "http",
                                    "host": [
                                        "localhost"
                                    ],
                                    "port": "8080"
                                }
                            }
                        },
                        {
                            "name": "Delete",
                            "request": {
                                "method": "DELETE",
                                "url": {
                                    "raw": "http://localhost:8080/vistorias/1/inspetores/1",
                                    "path": [
                                        "vistorias",
                                        "1",
                                        "inspetores",
                                        "1"
                                    ],
                                    "protocol": "http",
                                    "host": [
                                        "localhost"
                                    ],
                                    "port": "8080"
                                }
                            }
                        }
                    ]
                },
                {
                    "name": "List",
                    "request": {
                        "method": "GET",
                        "url": {
                            "raw": "http://localhost:8080/vistorias",
                            "path": [
                                "vistorias"
                            ],
                            "protocol": "http",
                            "host": [
                                "localhost"
                            ],
                            "port": "8080"
                        }
                    }
                },
                {
                    "name": "FindById",
                    "request": {
                        "method": "GET",
                        "url": {
                            "raw": "http://localhost:8080/vistorias/1",
                            "path": [
                                "vistorias",
                                "1"
                            ],
                            "protocol": "http",
                            "host": [
                                "localhost"
                            ],
                            "port": "8080"
                        }
                    }
                },
                {
                    "name": "Create",
                    "request": {
                        "method": "POST",
                        "url": {
                            "raw": "http://localhost:8080/vistorias",
                            "path": [
                                "vistorias"
                            ],
                            "protocol": "http",
                            "host": [
                                "localhost"
                            ],
                            "port": "8080"
                        },
                        "body": {
                            "mode": "raw",
                            "options": {
                                "raw": {
                                    "language": "json"
                                }
                            },
                            "raw": "{\n  \"data\": \"2021-10-10\",\n  \"nivelRuido\": 10,\n  \"resultado\": \"Aprovado\",\n  \"observacoes\": \"Nenhuma observação\",\n  \"veiculoId\": 1,\n  \"inspetores\": [\n    1,\n    2\n  ]\n}"
                        }
                    }
                },
                {
                    "name": "Update",
                    "request": {
                        "method": "PUT",
                        "url": {
                            "raw": "http://localhost:8080/vistorias/1",
                            "path": [
                                "vistorias",
                                "1"
                            ],
                            "protocol": "http",
                            "host": [
                                "localhost"
                            ],
                            "port": "8080"
                        },
                        "body": {
                            "mode": "raw",
                            "options": {
                                "raw": {
                                    "language": "json"
                                }
                            },
                            "raw": "{\n  \"data\": \"2021-10-10\",\n  \"nivelRuido\": 10,\n  \"resultado\": \"Aprovado\",\n  \"observacoes\": \"Nenhuma observação\"\n}"
                        }
                    }
                },
                {
                    "name": "Delete",
                    "request": {
                        "method": "DELETE",
                        "url": {
                            "raw": "http://localhost:8080/vistorias/4",
                            "path": [
                                "vistorias",
                                "4"
                            ],
                            "protocol": "http",
                            "host": [
                                "localhost"
                            ],
                            "port": "8080"
                        }
                    }
                },
                {
                    "name": "Buscar",
                    "request": {
                        "method": "GET",
                        "url": {
                            "raw": "http://localhost:8080/vistorias/buscar?nivelRuidoMin=51&nivelRuidoMax=59",
                            "query": [
                                {
                                    "key": "nivelRuidoMin",
                                    "value": "51"
                                },
                                {
                                    "key": "nivelRuidoMax",
                                    "value": "59"
                                }
                            ],
                            "variable": [],
                            "path": [
                                "vistorias",
                                "buscar"
                            ],
                            "protocol": "http",
                            "host": [
                                "localhost"
                            ],
                            "port": "8080"
                        }
                    }
                }
            ]
        },
        {
            "name": "Inspetor",
            "item": [
                {
                    "name": "List",
                    "request": {
                        "method": "GET",
                        "url": {
                            "raw": "http://localhost:8080/inspetores",
                            "path": [
                                "inspetores"
                            ],
                            "protocol": "http",
                            "host": [
                                "localhost"
                            ],
                            "port": "8080"
                        }
                    }
                },
                {
                    "name": "FindById",
                    "request": {
                        "method": "GET",
                        "url": {
                            "raw": "http://localhost:8080/inspetores/1",
                            "path": [
                                "inspetores",
                                "1"
                            ],
                            "protocol": "http",
                            "host": [
                                "localhost"
                            ],
                            "port": "8080"
                        }
                    }
                },
                {
                    "name": "Create",
                    "request": {
                        "method": "POST",
                        "url": {
                            "raw": "http://localhost:8080/inspetores",
                            "path": [
                                "inspetores"
                            ],
                            "protocol": "http",
                            "host": [
                                "localhost"
                            ],
                            "port": "8080"
                        },
                        "body": {
                            "mode": "raw",
                            "options": {
                                "raw": {
                                    "language": "json"
                                }
                            },
                            "raw": "{\n  \"rg\": \"12345678901\",\n  \"nome\": \"Joao\",\n  \"especializacao\": \"Mecânico\",\n  \"telefone\": \"11987654321\"\n}"
                        }
                    }
                },
                {
                    "name": "Delete",
                    "request": {
                        "method": "DELETE",
                        "url": {
                            "raw": "http://localhost:8080/inspetores/4",
                            "path": [
                                "inspetores",
                                "4"
                            ],
                            "protocol": "http",
                            "host": [
                                "localhost"
                            ],
                            "port": "8080"
                        }
                    }
                },
                {
                    "name": "Update",
                    "request": {
                        "method": "PUT",
                        "url": {
                            "raw": "http://localhost:8080/inspetores/1",
                            "path": [
                                "inspetores",
                                "1"
                            ],
                            "protocol": "http",
                            "host": [
                                "localhost"
                            ],
                            "port": "8080"
                        },
                        "body": {
                            "mode": "raw",
                            "options": {
                                "raw": {
                                    "language": "json"
                                }
                            },
                            "raw": "{\n  \"rg\": \"12345678901\",\n  \"nome\": \"Joao\",\n  \"especializacao\": \"Mecânico\",\n  \"telefone\": \"11987654321\"\n}"
                        }
                    }
                }
            ]
        },
        {
            "name": "Endereco",
            "item": [
                {
                    "name": "Estado",
                    "item": [
                        {
                            "name": "List",
                            "request": {
                                "method": "GET",
                                "url": {
                                    "raw": "http://localhost:8080/estados",
                                    "path": [
                                        "estados"
                                    ],
                                    "protocol": "http",
                                    "host": [
                                        "localhost"
                                    ],
                                    "port": "8080"
                                }
                            }
                        },
                        {
                            "name": "FindById",
                            "request": {
                                "method": "GET",
                                "url": {
                                    "raw": "http://localhost:8080/estados/1",
                                    "path": [
                                        "estados",
                                        "1"
                                    ],
                                    "protocol": "http",
                                    "host": [
                                        "localhost"
                                    ],
                                    "port": "8080"
                                }
                            }
                        },
                        {
                            "name": "Create",
                            "request": {
                                "method": "POST",
                                "url": {
                                    "raw": "http://localhost:8080/estados",
                                    "path": [
                                        "estados"
                                    ],
                                    "protocol": "http",
                                    "host": [
                                        "localhost"
                                    ],
                                    "port": "8080"
                                },
                                "body": {
                                    "mode": "raw",
                                    "options": {
                                        "raw": {
                                            "language": "json"
                                        }
                                    },
                                    "raw": "{\n  \"nome\": \"Acre\",\n  \"sigla\": \"AC\"\n}"
                                }
                            }
                        },
                        {
                            "name": "Update",
                            "request": {
                                "method": "PUT",
                                "url": {
                                    "raw": "http://localhost:8080/estados/1",
                                    "path": [
                                        "estados",
                                        "1"
                                    ],
                                    "protocol": "http",
                                    "host": [
                                        "localhost"
                                    ],
                                    "port": "8080"
                                },
                                "body": {
                                    "mode": "raw",
                                    "options": {
                                        "raw": {
                                            "language": "json"
                                        }
                                    },
                                    "raw": "{\n  \"nome\": \"Sao Paulo\",\n  \"sigla\": \"SP\"\n}"
                                }
                            }
                        },
                        {
                            "name": "Delete",
                            "request": {
                                "method": "DELETE",
                                "url": {
                                    "raw": "http://localhost:8080/estados/4",
                                    "path": [
                                        "estados",
                                        "4"
                                    ],
                                    "protocol": "http",
                                    "host": [
                                        "localhost"
                                    ],
                                    "port": "8080"
                                }
                            }
                        }
                    ]
                },
                {
                    "name": "Cidade",
                    "item": [
                        {
                            "name": "List",
                            "request": {
                                "method": "GET",
                                "url": {
                                    "raw": "http://localhost:8080/cidades",
                                    "path": [
                                        "cidades"
                                    ],
                                    "protocol": "http",
                                    "host": [
                                        "localhost"
                                    ],
                                    "port": "8080"
                                }
                            }
                        },
                        {
                            "name": "Create",
                            "request": {
                                "method": "POST",
                                "url": {
                                    "raw": "http://localhost:8080/cidades",
                                    "path": [
                                        "cidades"
                                    ],
                                    "protocol": "http",
                                    "host": [
                                        "localhost"
                                    ],
                                    "port": "8080"
                                },
                                "body": {
                                    "mode": "raw",
                                    "options": {
                                        "raw": {
                                            "language": "json"
                                        }
                                    },
                                    "raw": "{\n  \"estadoId\": 1,\n  \"nome\": \"Barueri\"\n}"
                                }
                            }
                        },
                        {
                            "name": "Update",
                            "request": {
                                "method": "PUT",
                                "url": {
                                    "raw": "http://localhost:8080/cidades/1",
                                    "path": [
                                        "cidades",
                                        "1"
                                    ],
                                    "protocol": "http",
                                    "host": [
                                        "localhost"
                                    ],
                                    "port": "8080"
                                },
                                "body": {
                                    "mode": "raw",
                                    "options": {
                                        "raw": {
                                            "language": "json"
                                        }
                                    },
                                    "raw": "{\n  \"nome\": \"Sao Paulo\"\n}"
                                }
                            }
                        },
                        {
                            "name": "Delete",
                            "request": {
                                "method": "DELETE",
                                "url": {
                                    "raw": "http://localhost:8080/cidades/4",
                                    "path": [
                                        "cidades",
                                        "4"
                                    ],
                                    "protocol": "http",
                                    "host": [
                                        "localhost"
                                    ],
                                    "port": "8080"
                                }
                            }
                        },
                        {
                            "name": "FindById",
                            "request": {
                                "method": "GET",
                                "url": {
                                    "raw": "http://localhost:8080/cidades/1",
                                    "path": [
                                        "cidades",
                                        "1"
                                    ],
                                    "protocol": "http",
                                    "host": [
                                        "localhost"
                                    ],
                                    "port": "8080"
                                }
                            }
                        }
                    ]
                },
                {
                    "name": "Endereco",
                    "item": [
                        {
                            "name": "List",
                            "request": {
                                "method": "GET",
                                "url": {
                                    "raw": "http://localhost:8080/enderecos",
                                    "path": [
                                        "enderecos"
                                    ],
                                    "protocol": "http",
                                    "host": [
                                        "localhost"
                                    ],
                                    "port": "8080"
                                }
                            }
                        },
                        {
                            "name": "FindById",
                            "request": {
                                "method": "GET",
                                "url": {
                                    "raw": "http://localhost:8080/enderecos/1",
                                    "path": [
                                        "enderecos",
                                        "1"
                                    ],
                                    "protocol": "http",
                                    "host": [
                                        "localhost"
                                    ],
                                    "port": "8080"
                                }
                            }
                        },
                        {
                            "name": "Buscar",
                            "request": {
                                "method": "GET",
                                "url": {
                                    "raw": "http://localhost:8080/enderecos/buscar?cep=01001001",
                                    "query": [
                                        {
                                            "key": "cep",
                                            "value": "01001001"
                                        }
                                    ],
                                    "variable": [],
                                    "path": [
                                        "enderecos",
                                        "buscar"
                                    ],
                                    "protocol": "http",
                                    "host": [
                                        "localhost"
                                    ],
                                    "port": "8080"
                                }
                            }
                        }
                    ]
                }
            ]
        }
    ]
}