<?xml version = '1.0' encoding = 'UTF-8'?>
<Table class="oracle.dbtools.crest.model.design.relational.Table" directorySegmentName="seg_0" id="643989F5-75EE-7962-A924-32A4564E160C" name="Cidade">
<createdBy>augus</createdBy>
<createdTime>2024-05-31 08:55:37 UTC</createdTime>
<generatorID>D7194279-4A69-2C1F-54CA-BC26A8F43F8F</generatorID>
<ownerDesignName>modelo</ownerDesignName>
<allowColumnReorder>false</allowColumnReorder>
<existDependencyGenerateInDDl>true</existDependencyGenerateInDDl>
<parsed>true</parsed>
<columns itemClass="oracle.dbtools.crest.model.design.relational.Column">
<Column name="id" id="2B655D62-C135-4EE9-4B26-F0E056C37619">
<createdBy>augus</createdBy>
<createdTime>2024-05-31 08:55:37 UTC</createdTime>
<generatorID>0F61A4CD-BCA2-C87E-41F6-6F2A689844EF</generatorID>
<ownerDesignName>modelo</ownerDesignName>
<useDomainConstraints>false</useDomainConstraints>
<use>1</use>
<logicalDatatype>LOGDT019</logicalDatatype>
<ownDataTypeParameters>,,</ownDataTypeParameters>
<autoIncrementCycle>false</autoIncrementCycle>
</Column>
<Column name="nome" id="32F9C634-BF3C-D0D1-75D3-426D99EE2639">
<createdBy>augus</createdBy>
<createdTime>2024-05-31 08:55:37 UTC</createdTime>
<generatorID>87EAAE02-5B9D-4368-2C9C-EB268F57ECFD</generatorID>
<ownerDesignName>modelo</ownerDesignName>
<nullsAllowed>true</nullsAllowed>
<useDomainConstraints>false</useDomainConstraints>
<use>1</use>
<logicalDatatype>LOGDT024</logicalDatatype>
<dataTypeSize>50</dataTypeSize>
<ownDataTypeParameters>50,,</ownDataTypeParameters>
<autoIncrementCycle>false</autoIncrementCycle>
</Column>
<Column name="Estado_id" id="2CD8A4BA-B56D-7DFB-2B6C-560E4D404DD3">
<createdBy>augus</createdBy>
<createdTime>2024-05-31 08:55:37 UTC</createdTime>
<generatorID>A049064C-3E86-F918-977E-68DCBF3FBDA2</generatorID>
<ownerDesignName>modelo</ownerDesignName>
<useDomainConstraints>false</useDomainConstraints>
<use>1</use>
<logicalDatatype>LOGDT019</logicalDatatype>
<ownDataTypeParameters>,,</ownDataTypeParameters>
<previousColumn>false</previousColumn>
<autoIncrementCycle>false</autoIncrementCycle>
<associations>
<colAssociation fkAssociation="13934759-8B4F-A7BF-5596-08938346891D" referredColumn="FF937C3B-3924-268D-34D8-E476C7DBE6A6"/>
</associations>
</Column>
</columns>
<indexes itemClass="oracle.dbtools.crest.model.design.relational.Index">
<ind_PK_UK id="7C44BCEF-7E83-F263-F352-7D0FCD9EEC7F" name="Cidade_PK">
<createdBy>augus</createdBy>
<createdTime>2024-05-31 08:55:37 UTC</createdTime>
<generatorID>C231B36C-F822-C95E-9B1E-6B2BDC6B1D3A</generatorID>
<ownerDesignName>modelo</ownerDesignName>
<pk>true</pk>
<indexState>Primary Constraint</indexState>
<isSurrogateKey>false</isSurrogateKey>
<indexColumnUsage>
<colUsage columnID="2B655D62-C135-4EE9-4B26-F0E056C37619"/>
</indexColumnUsage>
</ind_PK_UK>
<ind_PK_UK id="62ECFD32-18A4-6209-870D-929085BBF4E4" name="Cidade_Estado_FK">
<createdBy>augus</createdBy>
<createdTime>2024-05-31 08:55:37 UTC</createdTime>
<generatorID>496617CA-B298-3747-E970-01032604820F</generatorID>
<ownerDesignName>modelo</ownerDesignName>
<indexState>Foreign Key</indexState>
<isSurrogateKey>false</isSurrogateKey>
<indexColumnUsage>
<colUsage columnID="2CD8A4BA-B56D-7DFB-2B6C-560E4D404DD3"/>
</indexColumnUsage>
</ind_PK_UK>
</indexes>
</Table>
